,mean_haversine_dist,mean_driving-car_dist,mean_driving-car_time,mean_foot-walking_dist,mean_foot-walking_time,mean_cycling-regular_dist,mean_cycling-regular_time,mean_circuity_driving,mean_circuity_cycling,mean_circuity_walking,std_haversine_dist,std_driving-car_dist,std_driving-car_time,std_foot-walking_dist,std_foot-walking_time,std_cycling-regular_dist,std_cycling-regular_time,std_circuity_driving,std_circuity_cycling,std_circuity_walking,min_haversine_dist,min_driving-car_dist,min_driving-car_time,min_foot-walking_dist,min_foot-walking_time,min_cycling-regular_dist,min_cycling-regular_time,min_circuity_driving,min_circuity_cycling,min_circuity_walking,25%_haversine_dist,25%_driving-car_dist,25%_driving-car_time,25%_foot-walking_dist,25%_foot-walking_time,25%_cycling-regular_dist,25%_cycling-regular_time,25%_circuity_driving,25%_circuity_cycling,25%_circuity_walking,50%_haversine_dist,50%_driving-car_dist,50%_driving-car_time,50%_foot-walking_dist,50%_foot-walking_time,50%_cycling-regular_dist,50%_cycling-regular_time,50%_circuity_driving,50%_circuity_cycling,50%_circuity_walking,75%_haversine_dist,75%_driving-car_dist,75%_driving-car_time,75%_foot-walking_dist,75%_foot-walking_time,75%_cycling-regular_dist,75%_cycling-regular_time,75%_circuity_driving,75%_circuity_cycling,75%_circuity_walking,max_haversine_dist,max_driving-car_dist,max_driving-car_time,max_foot-walking_dist,max_foot-walking_time,max_cycling-regular_dist,max_cycling-regular_time,max_circuity_driving,max_circuity_cycling,max_circuity_walking,mean_circuity_driving:0_2,mean_circuity_cycling:0_2,mean_circuity_walking:0_2,mean_circuity_driving:2_8,mean_circuity_cycling:2_8,mean_circuity_walking:2_8,mean_circuity_driving:8_12,mean_circuity_cycling:8_12,mean_circuity_walking:8_12,mean_circuity_driving:12_inf,mean_circuity_cycling:12_inf,mean_circuity_walking:12_inf
Amsterdam,6.207559530383695,10804.46264765631,904.683947784215,7913.484090738093,5685.058091941915,8334.401433300729,1812.1489165600783,1.7552426618499535,1.3784483586949554,1.300103843747569,3.2168066048950044,6363.866767686123,339.62511860924394,3968.8101254937437,2859.662755776176,4155.214467671732,891.9369253408508,0.585158710155855,0.2634534314264174,0.20904398356651047,0.0679327716205651,82.7,12.8,88.1,63.4,88.1,20.7,1.0002311263019075,1.0003665978078304,1.0003665978078304,3.7882158322284507,5971.474999999999,667.0,4953.625,3551.95,5229.525,1135.8,1.381627114217269,1.251375061163518,1.207461844721205,5.850476144313713,9181.7,915.2,7498.4,5366.8,7919.25,1727.4,1.5878964120796157,1.321682895988396,1.2574953869433,8.255715140043735,14924.85,1142.175,10431.325,7487.75,10952.474999999999,2386.775,1.9636159103397408,1.421986680976032,1.3274833869510323,20.603791266287452,40697.6,2567.3,28187.6,20441.4,28837.6,5867.3,9.994066098868206,9.754141774166172,7.999600950185505,2.1175240761612724,1.602242714051435,1.4478114574093746,1.695171497492127,1.3812295260624732,1.3038061708631845,1.8230573301374613,1.3136243962202834,1.2524607954097706,1.6760922350689624,1.2859618468294538,1.2364260818778054
Barcelona,4.809432846879719,7078.601199428253,821.6776645329688,5809.213529302095,4182.534174383196,6436.817115157542,1338.1076564539185,1.5369417669334222,1.3729929335754363,1.2198264944549873,2.525645901914482,3724.5787473496416,367.3004807890363,3065.661650047522,2207.229036877542,3313.474947498972,678.9506351225347,0.4608477653071943,0.24232034458342125,0.1444202850943622,0.0391764259284289,79.3,19.0,78.9,56.8,78.9,15.8,1.0002466465919408,1.003160486307477,1.0003015194294334,2.8985407217500856,4336.5,556.6500000000001,3515.1000000000004,2530.8,3954.5,833.05,1.3014362890625915,1.240035748029702,1.146772982246874,4.535670619787203,6560.0,785.4,5418.5,3901.2,6014.3,1249.3,1.4274014538222821,1.3288993391353772,1.1946267538046151,6.3635161430735305,9156.05,1035.8,7639.55,5500.35,8405.05,1735.95,1.625907107652151,1.4410742902317872,1.2564039676670493,16.063785226421313,41147.0,2376.7,20228.9,14564.6,21673.2,4517.0,9.85148395755398,8.945089867146834,7.467017793650554,1.9178674862596328,1.5739476824747103,1.3032333538287115,1.488261830341172,1.3474251380341673,1.2068643121603109,1.4290117873239379,1.3158198819247064,1.2099729184683437,1.4062484653873586,1.2973447021366786,1.2277909734649814
Basel,2.539446560147407,3769.671044962532,492.4944213155704,3210.690965861782,2311.756931723564,3566.506681931724,742.9442339716903,1.5759302422117676,1.4447354531802301,1.293165993714017,1.2221203324023144,1704.976043013542,208.0028557328561,1478.0630154596815,1064.0678002705447,1677.4817091316575,344.86551239377,0.5600019226687231,0.3089147603710656,0.19135086768906695,0.0451592706482306,50.8,12.7,50.9,36.6,50.9,10.2,1.0026542083239052,1.0133934024908648,1.0339312820688014,1.627976622424881,2513.375,339.875,2125.7,1530.475,2315.575,488.25,1.3112712030570848,1.28605551540886,1.2017733247188134,2.4679518936381433,3675.85,482.75,3145.9,2265.05,3458.75,720.75,1.4458874288432426,1.3852984315849786,1.2552106698033458,3.3704627748468767,4878.125,624.3249999999999,4205.599999999999,3028.025,4646.625,962.7750000000001,1.645957398869838,1.5158727512036743,1.3318915941445115,7.371139984110931,9732.3,1502.4,8672.8,6244.4,9954.8,2095.4,9.296180794544304,7.766023665274803,4.871917462338598,1.7990201778877892,1.5445564447970668,1.3614599797807727,1.4531911843454828,1.3898161919002343,1.2555921807924881,,,,,,
Berlin,14.064896833384287,18701.977925409024,1896.922921401292,16709.897243622985,12020.982226413313,18430.911135838556,3868.9810052336275,1.3403117776112567,1.3207665214408388,1.199888108703306,7.061691935171895,10706.75801056272,836.0695829884617,8186.412482180837,5883.443938629434,9209.508642313596,1938.3623902086113,0.2825280650385277,0.1272849830854284,0.0760544254552199,0.0030522409037387,3.1,0.7,3.1,2.2,3.1,0.6,1.0000360076895423,1.0000341583820858,1.0000341583820858,8.747217113925759,11492.8,1272.7,10572.0,7609.8,11503.0,2412.7,1.207767506556222,1.2464352032847805,1.1582421869362798,13.44631595179024,17367.7,1858.7,16066.7,11560.2,17635.4,3697.8,1.2748944159671163,1.3010456269619046,1.1876596425334789,18.71643068779807,23875.4,2470.8,22135.4,15927.6,24406.8,5112.1,1.372068182874562,1.368358602364703,1.223964087516062,43.87880920755298,104985.6,6121.6,51424.8,37025.5,60647.2,12666.9,9.7733245549285,5.898945081886872,5.898945081886872,1.7228792725807953,1.4741234766837483,1.3145205613355107,1.401746665398415,1.3477640481969586,1.2316944616844705,1.3206745189677316,1.3228865103025198,1.2067192799944968,1.3150729722334717,1.3062853506851757,1.183237958979195
Bern,3.6673137796008097,5841.347471229558,669.2933070866142,4470.986811023622,3219.064264082374,4966.0767565112055,1031.5804058146578,1.7194838836850987,1.4324390606872455,1.2555587265388999,2.3325718553367003,3506.4929523142278,295.10897812381603,2716.56169501897,1955.8790419433049,2817.2644334450233,571.3760758724812,0.7305922063681264,0.3526438432586946,0.18293714400339958,0.056496636641612,124.0,9.1,86.4,62.2,100.0,29.2,1.0000696942924443,1.0068160607958916,1.0068160607958916,1.9261818701749707,3327.875,456.375,2478.45,1784.5,2850.975,604.275,1.3424351079274093,1.2434387384876782,1.1635301244351997,3.196572965941352,5041.4,646.75,3934.3,2832.6000000000004,4509.200000000001,935.05,1.5215638272374727,1.3454014694109053,1.2133891063211253,4.832634538805012,7703.425,862.5,5851.95,4213.325,6592.55,1365.6,1.8194354154809993,1.5022994476681266,1.2906603610755392,13.598712807358002,23676.4,1907.6,15863.0,11421.2,16290.3,3434.6,9.913201806566788,8.753677478129868,5.686822619010571,2.0986015419109076,1.6151116910736822,1.3571768835534543,1.597058805891963,1.3801095819537057,1.2224636242208562,1.4282084441222647,1.2130035711034997,1.1806033935455922,1.4077260161105039,1.2064854443577784,1.177347471081839
Bologna,5.190411056834398,8115.020118465459,732.0604104965906,7195.852482953372,5180.947764997589,7463.430849232041,1571.6866932984367,1.6326747795415837,1.4862608857326731,1.4175997909870386,2.633344836974608,4233.953440239658,284.7473540674838,3578.6230789950405,2576.5775854263043,3765.2417524735956,797.8676200449613,0.558460585267452,0.3919840832594708,0.28735941592760245,0.0531824335648052,53.6,11.6,53.8,38.7,53.8,10.8,1.0001775290802004,1.0017623085607374,1.0029909679805666,3.189490531166259,4989.35,529.8499999999999,4458.3,3209.95,4643.450000000001,976.3499999999999,1.3521560637131997,1.2845383616923427,1.2591001218833395,4.93102402736232,7478.1,727.1,6866.6,4943.9,7034.9,1481.2,1.4994790079351956,1.39523496469972,1.3429187096244242,6.943746136670088,10558.55,921.95,9648.349999999999,6946.75,9882.7,2074.65,1.727189483413389,1.5614695104853396,1.481521206978629,14.888514243126014,32826.5,2171.8,20549.0,14795.2,28685.8,6728.5,9.642116019656362,9.789577886491303,7.032136678445377,2.0597673501114637,1.776983608909463,1.5864778336759615,1.59188078166768,1.4640788453544846,1.4091165328375541,1.5223232341442736,1.3831319909114475,1.337807672066124,1.4168831617604802,1.3279182202401008,1.280173607860065
Brno,6.7759748642072415,10570.566809500488,1066.926083496572,8412.559322967678,6056.960614593535,9540.224369490694,2034.338736532811,1.5960781546628784,1.4475900226646286,1.266494837285363,3.627678237010381,6227.946018299735,472.4164818986556,4355.165500007628,3135.6824140012213,4981.5383130033015,1047.1601126778885,0.46184876511323264,0.2639041681702219,0.15342775986390447,0.0737112811658245,121.3,20.8,121.3,87.3,136.4,27.3,1.000511267287481,1.0012119143768325,1.0012119143768325,4.1005315610127315,6220.0,724.4,5210.375,3751.3999999999996,5890.975,1266.675,1.3393168370032573,1.3051910714662913,1.1896056559230224,6.313895686250919,9366.45,1024.3,7879.4,5673.1,8875.15,1890.1999999999998,1.4817405491924023,1.39584721459252,1.2389306672652756,8.997423013363429,13566.225,1363.6499999999999,11096.55,7989.424999999999,12498.300000000001,2650.7,1.7151048529427115,1.5192307605470057,1.3000045447164223,21.391695039916627,48739.5,3008.5,26719.6,19237.9,36328.6,7892.5,9.246371831752938,9.948488590347388,6.89398814248649,2.0572440464908435,1.7430196163298826,1.4380410442737879,1.563402299223157,1.4495446428075436,1.270389514394018,1.526447643569288,1.3808705843369184,1.2258102639606616,1.6331531265067865,1.3782721508051263,1.2130590123214267
Brussels,4.1583479005217745,6354.913107822411,736.132417195208,5026.658444914259,3619.118510688278,5324.302654451491,1123.9404510218465,1.624649355290507,1.3542265521171746,1.2534959803732413,2.5170715488374817,3978.8821361001196,356.8745610739653,2887.943644939838,2079.280624482434,2988.6127043319516,607.0648538188401,0.6116801298922709,0.3556139760035737,0.2528614075244803,0.101013479392091,235.2,18.8,135.2,97.4,135.2,51.2,1.002915006110283,1.002915006110283,1.0064772954669416,2.106224172009641,3404.5,456.2,2711.1,1951.9,2955.2,643.7,1.3162761673469416,1.206236028207311,1.163431070671446,3.814627433558416,5843.9,698.6,4719.6,3398.0,5051.4,1075.1,1.4422586284857717,1.2700828108300548,1.1993763884249753,5.796516302539907,8393.4,992.9,6887.2,4958.7,7221.5,1510.4,1.7263601357867906,1.3812643008253351,1.2629835611315063,12.379302305170528,26326.6,2141.2,14795.0,10652.2,15534.3,3162.2,9.767911955319581,9.64794642087257,8.350197711219252,1.9433192783574045,1.5864225386109894,1.3926112250037437,1.535880101687341,1.2932573594158918,1.2173049463798902,1.4786695870316948,1.2167969258770335,1.1680419032909173,1.7207057771220107,1.2485679143031687,1.198388223047754
Budapest,10.834912850819226,15843.46204778519,1561.798723782486,13500.435649186113,9721.18833096751,14637.414651295454,3076.3330118468,1.4848455637425204,1.3818475763937468,1.2743894918993564,5.352374175061402,9336.758459690353,639.4118596791526,6362.709535672629,4581.151635446897,7001.901405634465,1474.292426974899,0.42605967022903135,0.2487150191589362,0.19930116610480972,0.033515153892482,82.5,14.5,82.5,59.4,82.5,16.5,1.000423270381746,1.000423270381746,1.011400701100516,6.727514536692351,9729.349999999999,1101.05,8718.1,6276.95,9378.6,1971.05,1.2537510701312051,1.256504324165777,1.183435931345893,10.43216998296499,14375.8,1548.9,13105.9,9438.7,14096.4,2957.1,1.3560307776650162,1.33115840170721,1.2342329693960794,14.523514196659118,19841.5,2010.7,17896.75,12887.0,19428.05,4076.8500000000004,1.5483631924253567,1.4362488815242136,1.2996424483352176,30.25806200932737,72180.9,4244.5,42803.8,30818.5,47305.5,9786.5,9.656800874551278,8.157789279413976,6.994595471596421,1.9408278476081318,1.6309048631255656,1.4579069037105385,1.5559547322253273,1.4480211038420399,1.3387154804789225,1.4165422201988662,1.3633349841932831,1.261581781367305,1.4454240838629469,1.32619088941252,1.2207166883252438
Constanta,3.574589232379915,5121.379096774194,548.516788530466,5029.533318996416,3621.2273835125447,5214.4980501792115,1087.9003010752688,1.503246111366567,1.5231579727025681,1.4544121270725126,1.8808063781813857,2696.5646208587195,267.1206442380605,2498.3451457229817,1798.791440871631,2620.5625988694233,539.9817552347764,0.4771706649171314,0.40371407271167514,0.3307900918781902,0.0046717274994276,4.7,0.4,4.7,3.4,4.7,0.9,1.0000496282721083,1.0000496282721083,1.0060518299870582,2.099553061026124,3132.6,351.5,3093.5,2227.3,3218.2,676.35,1.2738091384505812,1.3269560077456748,1.2983976906471302,3.3815623785287765,4830.3,520.2,4827.1,3475.5,4934.7,1033.9,1.3901883804872859,1.4289924465302117,1.3789954863249332,4.815461348500121,6737.4,721.95,6754.3,4863.1,6938.75,1444.9,1.5667074745854683,1.5961995331468377,1.5056990420813805,9.760734919058336,24653.4,2034.6,12733.7,9168.2,18191.6,3759.8,9.263136240097976,9.263136240097976,8.595555419507393,1.756030430435028,1.745464044548353,1.602323626433251,1.4293822363939814,1.45831975285294,1.4126542193046066,1.363029837027034,1.3944613976973865,1.3066771754429576,,,
Copenhagen,5.160619348327218,7109.835873488798,750.8026929467713,6274.15105712485,4517.318088580761,6556.9306537558,1325.758711969289,1.4008256269900703,1.2933306731332386,1.2313717285633685,2.540437835724538,4213.308391655223,328.7390013492526,3026.3900052909885,2178.966544850511,3182.069340773576,642.9726520899136,0.39344190229145715,0.20107970067576394,0.12058336866152153,0.0256374653334268,40.5,7.1,40.5,29.2,40.5,8.1,1.0000266252473025,1.0000266252473025,1.0000266252473025,3.2101947587548376,4381.2,500.2,3957.9,2849.6,4136.7,835.6,1.2202513583603247,1.1957853872297317,1.175075067960561,5.089913273869174,6737.3,759.1,6185.8,4453.7,6461.0,1306.2,1.2966490329376799,1.2575693724464816,1.2131894289089393,6.9584329810019625,8979.5,996.1,8387.8,6039.1,8763.4,1771.7,1.423428301107073,1.3422487175605335,1.2605929663934228,13.11264207100202,35192.4,1671.2,15707.3,11309.1,18769.0,3771.3,9.216979796045043,7.951574745910453,7.168847560100952,1.630319347651978,1.4260569709717794,1.3180069525931768,1.35339575856541,1.2795237662049304,1.2227179295656077,1.4367981691473544,1.250899997232684,1.2020935070490482,2.0018384659305037,1.209663417318958,1.160611860128159
Dubin,5.720361829111353,8080.965418751009,846.6939204453769,7553.8959173793755,5438.725133128934,8128.199483621106,1657.066721800871,1.4434224267531017,1.4428460599793904,1.3444051645700055,2.961096335632476,4660.477172994619,372.4018581357326,3799.518961696329,2735.6155954489877,4166.26501745073,847.789192979239,0.40096901903806054,0.21707692764696168,0.17197269366784912,0.0069099294910048,7.2,1.7,7.2,5.2,7.2,1.4,1.000280842218092,1.000280842218092,1.000280842218092,3.420397532216115,4802.375,558.375,4601.925,3313.325,4894.025000000001,999.075,1.2365853933737774,1.3321113096844661,1.2528066704108454,5.468132085330909,7382.55,829.6,7224.4,5201.5,7753.1,1580.5,1.32874945983344,1.4006435485403712,1.316229330220161,7.6854995647492945,10295.1,1116.9,10102.074999999999,7273.4,10868.575,2217.9,1.5032675784941412,1.5004122559888975,1.3935467380448643,16.441988574204757,31913.4,1959.0,20889.7,15040.4,23980.7,4840.1,9.914762413567571,8.437236798613485,6.474235598420455,1.7301480383241379,1.5901549313893844,1.478552025681657,1.4106569657848005,1.4342240962416792,1.340543788834278,1.3887926658967142,1.4025921861675514,1.2981681185761687,1.5899835801939082,1.404510275935074,1.279037562572345
Gdansk,7.069725023212748,11408.554154995332,1062.280070546737,8931.664700695093,6451.2537192654845,9827.336570183628,2115.2065515094923,1.6435728308230764,1.4346398951541002,1.2877990674359192,3.6883776435330184,6826.278372664507,415.9154514473632,4543.808101233323,3282.958941509171,4833.633367597549,1036.7227964629915,0.4999561272392641,0.2832024712946491,0.20973725671154017,0.0500197231482909,86.4,14.2,85.9,61.8,72.2,19.2,1.0000404471524913,1.0168618184414187,1.017556285510728,4.285448572692902,6590.2,755.9,5480.424999999999,3951.75,6129.375,1322.5,1.335321204329441,1.2863196237727976,1.1948162135180085,6.775497122956188,10266.849999999999,1067.75,8598.85,6224.299999999999,9576.599999999999,2056.95,1.4988300716274117,1.3733583156244809,1.2461098014816439,9.398599091628677,14369.375,1348.3,11759.550000000001,8496.3,13024.574999999999,2789.7,1.7917917179920209,1.4989509326117176,1.3167126349820295,22.198628045485805,42298.6,2622.6,27520.7,19814.7,27706.9,6052.9,9.017683371189746,7.681768562380798,7.5744386458897965,2.0606452523246195,1.6984609432346536,1.469064997136642,1.6229613018561213,1.4591437044204352,1.2946912232227297,1.5639542972235212,1.365807276939488,1.2471094532887022,1.6918664526851035,1.308124538630225,1.2378160246772578
Hamburg,13.197457210648208,20470.68980397043,1906.174409557826,16714.632062463657,11997.146100174434,17880.11039538167,3837.0151964448874,1.5604052768738756,1.37689131184145,1.2828266034476716,6.644438744811746,11743.781507257916,803.4758567475086,8261.698808379822,5953.868463046681,8937.166374613173,1948.284127166663,0.4577777830363051,0.26579366463855697,0.1863496681294086,0.0226645679314069,34.7,4.9,104.1,74.9,104.1,23.1,1.0068059096483157,1.0024990665689788,1.0024990665689788,8.076465384250499,11581.3,1310.6,10286.575,7380.5,10955.725,2322.125,1.2716122571818242,1.2423675775279783,1.1950239540656031,12.668990659865973,18650.2,1884.3,16161.099999999999,11563.45,17248.65,3678.8,1.427066847915091,1.3072523876235431,1.2386610049869762,17.724012367518316,27237.875,2464.775,22489.075,16143.475,24019.7,5163.6,1.692303584870473,1.4181828835306767,1.3053470688439062,40.092051826018114,85408.7,5971.2,48629.2,35012.6,54966.5,12039.5,9.870617502323599,9.887134654178316,7.9465815591287585,1.9765054401905984,1.5770649893302313,1.418002284480661,1.574585105068699,1.42298723453644,1.3139893854977862,1.5212636796620345,1.3900662008482887,1.295470438259898,1.5547662480950992,1.3445985499221567,1.2594821929239974
Helsinki,7.691540856689553,11255.985562919499,1327.5707290303517,9384.440681328888,6741.544991346195,9866.447735235763,2028.334965595846,1.5300979517871642,1.3009680255124172,1.2333167270838679,3.970041736324004,5457.079307970778,523.8628309026091,4763.818675551808,3426.9418456507437,4994.157617443927,1020.6928429693207,0.3987402243630031,0.15458753190645871,0.12681945718378054,0.0363000777730207,146.0,25.5,79.2,57.0,79.2,33.3,1.0033386788152014,1.0246175437446574,1.0246175437446574,4.644977439229684,7148.7,952.8,5733.0,4120.9,6024.0,1245.0,1.3035984053679976,1.2191867393389635,1.1708218498868799,7.395741687912797,10979.1,1314.1,9052.3,6483.7,9508.8,1957.3,1.4318716282421025,1.2657891160082437,1.2062062929319644,10.330079068493692,14902.1,1685.3,12565.7,9028.7,13198.9,2706.7,1.643770712347522,1.3366243080141615,1.256811143312492,23.765999787724976,37543.6,3191.4,29070.0,20930.0,30506.2,6462.0,9.60806005088437,4.5964132524181425,4.196745659275941,1.9855125596075773,1.4265763692701094,1.3243599420327463,1.5742333339620362,1.3130555269630353,1.2423679831141836,1.4403690526952249,1.2747278823518324,1.2143412547753405,1.3718111843465433,1.2607381132024147,1.2030649879792856
Klaipeda,4.942465038632666,7086.494544162075,632.1827972276524,6284.09226941532,4524.498098453883,6771.248942598187,1404.5027545761507,1.5261847342721275,1.4444098841172606,1.3240099687679125,3.0564351131397727,4188.720218539379,369.44122110835104,3617.6159697458,2604.658048166672,3829.882370114318,779.8685682205812,0.4664432082981059,0.3185718397852004,0.2519933578858145,0.0757236716828122,123.0,14.1,106.2,76.5,106.2,30.3,1.0008286970849407,1.0008286970849407,1.0022749271225213,2.5656601927071083,3934.85,379.4,3462.5,2493.0,3788.5,798.2,1.280388964728795,1.253104884007759,1.187634682263683,4.3143950932779935,6339.4,586.8,5728.3,4124.3,6191.9,1286.8,1.4184090264790656,1.3744963133395482,1.2671277434528425,6.821387131938671,9544.95,821.95,8588.349999999999,6183.55,9200.2,1908.65,1.6162801727310523,1.5437195941822388,1.3733822237426365,18.39731016544496,43526.3,4047.2,20689.8,14896.6,21625.6,4463.5,8.637321618372711,6.649430035317875,5.562293196252828,1.85955596547265,1.660678186298346,1.477098453876132,1.4816614546803075,1.4311019708743387,1.314124820985517,1.3660858061869459,1.2828927448722935,1.212474567775842,1.3244804075017635,1.2463717407939507,1.1791050201862416
Lisbon,4.930125268131983,7723.551440375166,716.5273894595803,6654.139984368021,4790.912801473873,7081.432051138901,1478.730499106744,1.6654396513756453,1.4961382551340159,1.3817833203237635,2.5277152495715773,3897.1449651455396,277.94706957771143,3284.6135474025646,2364.892231637162,3390.629702690253,706.7047520402085,0.5932954098803412,0.32993538739677447,0.23368719496512455,0.0190427495953724,26.7,6.4,26.7,19.2,26.7,5.3,1.0055771605027162,1.0144547778217716,1.0002222975791524,3.0187911832444505,4954.799999999999,521.5,4207.275,3029.2,4560.65,959.3,1.3705449015158715,1.3374363485532974,1.2682470574276454,4.695137954413867,7358.7,702.4,6416.35,4619.7,6810.65,1417.45,1.5173145632513643,1.4225339814008677,1.337041066783614,6.552551914426711,10005.425,895.725,8735.725,6289.625,9199.599999999999,1909.9250000000002,1.7571207377446778,1.552590365387076,1.4261395930745842,15.56504381271376,56069.6,2754.6,20363.2,14661.3,22853.6,4921.5,9.870098644877134,8.881864038940314,8.900145013372764,2.200271846339867,1.809473995238219,1.5366130831396987,1.6125849081667518,1.4657471509211817,1.3677398986359885,1.469318785599344,1.3754699130561043,1.3165541643906005,1.380432155209023,1.3610854047544756,1.3004336278558997
London,18.92463666665998,29654.895357271893,2567.8550804591305,23304.143074469866,16779.647481309577,24406.245321141716,4998.935416956172,1.5041149785315517,1.3080955033678487,1.247072834341201,9.350589368737955,21100.613717356926,1069.2454293790022,11166.566114914904,8039.678029414793,11637.225821868127,2387.7229981144665,0.44664918346933646,0.13624413134296093,0.11689033373695942,0.0569318827187409,60.7,13.2,60.8,43.8,60.8,12.2,1.0002650555883374,1.0002650555883374,1.0002650555883374,11.78077626381835,15941.150000000001,1755.3,14808.875,10663.6,15494.8,3168.1,1.2470352694420606,1.2402257160518166,1.1989070811619928,18.173098029712392,24659.15,2561.55,22541.25,16230.45,23651.8,4847.3,1.3392583488921348,1.2881688870322874,1.2308035716484007,25.301301705823896,35443.525,3402.525,31007.925000000003,22326.175,32570.225,6674.0,1.5428163914395183,1.348636692605186,1.2692989089526319,54.45659467224956,126477.1,5550.6,67287.2,48446.2,69272.9,14386.7,9.73642378956582,7.872449183137138,8.136554660488994,1.795976502230218,1.5441582302528163,1.4337324180078899,1.4713884559974415,1.3746105557803154,1.30735376319703,1.412986595956158,1.3324627758066583,1.2739538831366437,1.5219731159973073,1.2904152868770316,1.2305252490151921
Madrid,9.504746191805257,14825.74271699368,1123.878012415475,12135.060229834091,8737.124531648376,13278.950611536045,2778.0850884972097,1.616398990662853,1.4290469340009606,1.296519293722774,4.782176636915696,7465.001928228691,432.72151459863534,6004.6769723838015,4323.315763979096,6558.638022702517,1375.8304507539744,0.4880696686620321,0.2533925243095261,0.175659605643155,0.0382436546012321,45.4,7.6,45.4,32.7,45.4,17.3,1.0003120451672884,1.003062566542752,1.003062566542752,5.888947656232374,9195.7,825.7,7649.924999999999,5507.825,8403.1,1759.3,1.366725814751398,1.2951453570710663,1.2165977905919785,9.09462205753493,14112.65,1095.3,11593.7,8347.3,12672.5,2644.0,1.514988575702571,1.3789053208872817,1.2611248370391253,12.687054209557632,19526.975,1389.275,16026.9,11539.3,17502.55,3642.375,1.7236147535945558,1.4931400655958609,1.325171409592983,37.736075763587706,66837.8,4523.4,49888.4,35919.3,55483.0,12064.5,9.795093337090275,8.933960108050021,8.209489504242399,2.361060375472882,1.770759679139381,1.4931885988537528,1.6669628482831957,1.470507408716282,1.3244745061611012,1.5608236619788358,1.3935213804822593,1.2737162061398635,1.5177442300714177,1.3701893679747197,1.259709175294795
Malaga,9.660979266720972,16957.476984436642,1392.7847270993193,14694.401031776999,10579.868829930203,15441.91513417436,3517.52898946547,1.79577000841322,1.633066000665591,1.5323140638240806,5.663540722318078,10614.849534155635,762.7476957172681,8960.466276159677,6451.497554774868,9088.268473922291,2157.5938478677904,0.6124369198849342,0.35318087501982864,0.3366042929551612,0.0763913136597566,78.0,8.0,91.9,66.2,78.0,15.6,1.0132650705740094,1.0210584981874826,1.0239136930959067,5.262737264058861,8714.85,802.9,7807.700000000001,5621.5,8443.3,1849.6,1.459864668052364,1.4235293335946384,1.321188366628264,8.772001499413797,14842.9,1223.4,13021.6,9375.5,13882.3,3103.0,1.6711212889540858,1.5485435472785887,1.4551369084899866,13.176994824116807,23422.949999999997,1897.55,20125.6,14490.35,21135.85,4846.95,1.9342417211513259,1.743781835352674,1.64255979852832,30.003011990004072,65421.7,4346.0,49043.5,35311.2,53323.7,12196.3,9.848986291837068,9.204643097210411,9.204643097210411,2.3156970227907,1.911761812564466,1.6766955969881672,1.8123074949410065,1.6628134205626888,1.53906091898543,1.7221781895618997,1.5996908175123854,1.5082611815487927,1.746519816771776,1.574699004077613,1.5187140859117043
Milano,5.978918768365714,8858.143959022602,1105.8893689958943,7395.923434448121,5324.957380316499,8107.417136365448,1725.6224179854107,1.4921848525267742,1.3887085934507795,1.2538982542783434,2.959810229810092,5462.138498355662,462.78280818910866,3604.6840644333333,2595.324506609961,3908.486438118092,827.9194467826227,0.40159532110619467,0.23581838808459007,0.15149315085869908,0.1026815995524665,104.9,21.7,104.9,75.5,104.9,21.4,1.0013074623343918,1.0013074623343918,1.0023071780872845,3.7180386106444683,5335.6,760.9,4667.25,3360.3500000000004,5176.4,1111.2,1.2771062495906977,1.2680060963167203,1.1721421585484144,5.730810592140013,7990.1,1081.6,7083.1,5099.7,7779.3,1652.4,1.3780066994103721,1.337949837514223,1.2185274331621474,7.986600702209726,11079.349999999999,1434.65,9827.25,7075.5,10704.25,2262.35,1.5510579759643401,1.4427888049080793,1.2913782217657501,16.19418105198649,44542.7,3170.4,22425.5,16146.2,27726.6,6426.0,9.980906924124909,8.759502572901335,5.2499856475364215,1.8126577772462278,1.6050228920642722,1.3596612671164159,1.446273838219638,1.387816137320301,1.2538933724123673,1.4461160139097586,1.3215464479972296,1.2197376523141896,1.9768042243620247,1.315436249232117,1.2180659853028077
Minsk,8.706762559706139,12951.832227318047,1079.6539102691925,10340.484997008974,7445.027557328016,11467.117962113658,2496.0615712861413,1.5128125971202364,1.3411633432492511,1.2098655069851918,4.479632307014304,7328.3400480629425,455.68276775873386,5114.560719372999,3682.427679161189,5730.876637409431,1250.5082925363126,0.38412536531410846,0.1617726662002106,0.12819938605188436,0.0951375959050137,142.9,11.7,117.8,84.8,117.8,28.3,1.0031625573347904,1.0097543040315762,1.0007010603617295,5.280740207571002,7702.9,758.9,6446.2,4641.15,7107.25,1549.25,1.2767160379675977,1.2502467568041764,1.1462111635112926,8.29940870590199,11481.7,1062.5,9938.1,7155.4,10958.7,2376.1,1.41644509751897,1.3134126389895817,1.1872446294176922,11.675690786658084,16466.35,1368.8000000000002,13700.8,9864.400000000001,15222.2,3298.9,1.6512247293804299,1.392764272509244,1.2409563853199574,27.74360578963976,50103.2,3556.2,32015.6,23051.0,38145.4,8565.0,9.613725609223028,6.621777969544669,6.616442988905332,2.031460107131282,1.5498376231213749,1.3779344666852056,1.5120391964182793,1.3638493392500848,1.2335321673776447,1.4252893167708554,1.3138216238683524,1.1868128530946567,1.5292415578489025,1.2942188745355527,1.1632030656697159
Munich,8.486650503889424,12897.98032478862,1222.1297790005815,9974.66709613922,7181.640757392744,10663.649362501676,2192.7950006710507,1.4907113883752205,1.282235286499351,1.1939559129071515,4.258949297678467,9137.236681766826,502.1079004867797,4807.573918386774,3461.397213150708,5113.398909093218,1044.698738330113,0.4589481731244249,0.14533837873119274,0.09287989896390271,0.0275056733129871,34.6,5.4,34.6,24.9,34.6,6.9,1.0000394268048198,1.0000394268048198,1.0000394268048198,5.214728252231402,7206.55,845.2,6279.7,4521.35,6727.575,1389.9,1.2460733887705864,1.2062057852690642,1.1409040592037183,8.164834716707018,10913.05,1209.7,9655.1,6951.5,10313.2,2121.0,1.3423386675816689,1.259962619495079,1.17996746681531,11.365340948039613,15314.375,1580.75,13308.050000000001,9581.675,14215.75,2918.8,1.526979797899335,1.32650406924337,1.226935199598296,25.31532606539431,63251.8,3399.0,28111.8,20240.2,30210.3,6222.7,9.780376163540579,8.477197646501589,3.9775045508197304,1.8518338340925853,1.5140913330920729,1.3392215325530907,1.4301654471462493,1.3032093050304179,1.211862462459329,1.3965043642333117,1.2577945319879524,1.176814930415017,1.6817568715617592,1.2259493482868506,1.1512693709753787
Oslo,7.796083883954926,11433.953130024118,1181.8323854501607,9462.20860631029,6812.661319332798,10422.866931270097,2169.2620377813505,1.543639690934629,1.3640078010817702,1.2328364703071908,4.228628814054997,5835.644926440332,514.8873063512915,5014.90935768944,3610.6723184308985,5537.405364871255,1139.5470340664356,0.4247635753324522,0.19085777097951676,0.11946412448773246,0.0766897790460512,108.4,23.0,107.4,77.3,108.4,32.1,1.0219489656652925,1.0285657450313352,1.0345453212923565,4.494659732990107,6962.275,804.775,5570.5,4010.7250000000004,6153.525,1291.775,1.3243220830884215,1.2575587839665083,1.1669506279177657,7.2989382741217455,10795.25,1135.6,8864.9,6382.6,9734.75,2024.55,1.4443884420613369,1.325655536583663,1.2032967653730648,10.585400791070585,15218.925,1518.3,12799.375,9215.349999999999,14075.2,2912.15,1.6177138668860034,1.4166295757377136,1.2630952208725041,27.69374914492101,38220.7,3408.6,32082.3,23098.9,35100.1,7295.4,9.85061164243897,5.819112740505657,4.067114406969414,2.1202953439761547,1.5896010456113951,1.3894844371938015,1.5807355070579368,1.3715441271646998,1.2384852394511474,1.4400382409503825,1.3297710206627364,1.2101254139452315,1.3948620798952431,1.3160505292069835,1.196566075661158
Palermo,6.318850008827717,9456.079057006402,847.7637790874911,9043.983131795549,6510.868046946449,9705.616431256985,2028.8071130982623,1.6103146007051645,1.618459131327231,1.4770671342679143,3.5750695974393896,5121.703042146308,453.23715487078437,5027.933248447015,3620.3311829428008,5205.332726018562,1112.6231725656658,0.6177031468836639,0.4860571635275597,0.39965914518164963,0.026775682539045,46.7,15.3,46.7,33.7,46.7,28.0,1.0008487827544366,1.0022725059518398,1.0022725059518398,3.5588053376235838,5607.825,524.4,5178.5,3726.6,5686.85,1176.725,1.2787317475206668,1.356547977767394,1.2711896045163917,5.762295635503545,8667.05,765.7,8296.15,5972.8,8994.45,1863.05,1.4357264436704813,1.4903738664695259,1.3732065559739421,8.585204458874928,12525.574999999999,1079.15,12294.575,8849.975,13088.95,2732.85,1.7044172832160354,1.7078409636183507,1.5404276891185802,19.70933284474914,32640.9,3646.4,33242.0,23934.1,32626.8,7371.0,9.608004165654068,9.74530075799009,9.267219716523359,2.1904117020907146,2.0453342139748347,1.6931930114003504,1.6242785612870436,1.6273227223520683,1.4868201257938929,1.425349221427649,1.4896876918499322,1.4058694295181087,1.32005979080677,1.395628546850203,1.339786910473315
Paris,5.680437467356908,8075.8620734244105,1024.9054365547872,6739.525900938888,4852.385101478608,6969.8784393096075,1446.6930398605723,1.4457194244006277,1.2587157788364753,1.2073904754488523,2.948085558341547,4562.263641977409,410.0221696965381,3364.8979955434843,2422.692808326031,3453.76204849366,707.6167329811474,0.3851708871731583,0.1699931804004548,0.10608764596974374,0.0281435958051271,83.7,12.1,87.6,63.1,93.1,18.6,1.000050595434543,1.0007877019792588,1.008179025380361,3.455091290675993,4752.35,716.95,4208.200000000001,3029.8500000000004,4382.35,917.3499999999999,1.2411918443600003,1.1694752521603413,1.1540288099576135,5.396603800339319,7124.9,1025.3,6428.0,4628.1,6625.7,1375.3,1.3563828548204802,1.2262784569593097,1.190927257656459,7.566949749815965,10452.900000000001,1334.8000000000002,8906.55,6412.65,9225.3,1901.85,1.545623630642985,1.3023256999150115,1.2354151458843385,17.27083933226307,33288.2,2678.0,19957.8,14369.5,20952.3,4333.1,9.844091290630244,6.2089874872770725,4.846322345778882,1.8037417699534883,1.4730286627893099,1.33424057458743,1.389427602968319,1.2481631056416187,1.203630100682284,1.4836413115979337,1.2038498180393267,1.1658328840556853,1.4155541938277048,1.166723338127516,1.1495658448464596
Porto,3.7543289159997797,5503.150903614457,545.0325731497418,4991.083078743545,3593.5249892426855,5603.39805292599,1254.289920395869,1.590498165533604,1.5526306220279964,1.3651290313108204,2.090425790912197,2749.1581750084815,231.12654496323748,2654.1417929608137,1910.9564686215815,2962.378712961872,646.8396826058238,0.5604491671398415,0.3257654592139958,0.17879902342891635,0.0234336761411497,45.5,5.1,65.8,47.4,65.8,21.0,1.0010701807220193,1.0010701807220193,1.0073452790035757,2.107343935326237,3415.9,369.4,2939.075,2116.1,3259.4,740.9,1.3190196851786906,1.3849919297094113,1.268973917412914,3.468239041255523,5206.75,532.95,4650.65,3348.4,5223.450000000001,1169.55,1.452092374131793,1.4935087687198263,1.33501594015754,5.121326865329545,7236.15,702.1,6725.05,4841.95,7600.0,1688.825,1.6620955694459116,1.6307535967782893,1.4144677987513266,10.91151077055612,19513.3,1299.8,13997.1,10077.8,15275.8,3366.4,8.991602149756341,7.773142948186774,5.422705702414577,1.9961972908732275,1.7562345957209744,1.4816576249003335,1.4775060127401083,1.4969410603871836,1.3332093743693028,1.3329775780750193,1.4022918201185792,1.2800584184727988,,,
Prague,9.845594338715191,14897.33648046158,1474.267850336568,12009.84371710814,8650.77287000612,13812.90756184981,2996.7989142407555,1.5629586535419246,1.4338075755215869,1.2407883147427654,5.056468232984976,7948.596437935902,594.4310992881741,5919.018897666604,4262.423935606607,6786.171204693313,1463.6692427276316,0.4372562741987447,0.1896752202133339,0.11309407404483317,0.0411989917542779,51.0,12.2,75.8,54.6,75.8,24.8,1.0001988874312466,1.0001988874312466,1.0001988874312466,6.007553005026002,9183.400000000001,1042.2,7537.6,5429.5,8686.849999999999,1896.1,1.3307118990567717,1.316419597075647,1.1764032055520484,9.34764868535942,13787.1,1456.6,11504.4,8285.3,13242.7,2868.2,1.4609228766138649,1.3960275680275118,1.2260742132005007,13.030410039638582,19293.15,1878.0,15814.0,11390.4,18187.5,3919.45,1.6569576983350354,1.5063476364205188,1.2785682028570773,30.04397033298894,59910.4,4260.0,36560.4,26323.3,41262.1,8969.1,9.903465182458385,5.756982805450925,3.8988524987416993,2.217782608833479,1.690278308449141,1.4113493740079146,1.6275319549928786,1.4773098116655665,1.2706435633011697,1.494354382276602,1.4176227858848311,1.2294118560490688,1.4840558739042768,1.371585611491615,1.1988982974389266
Rome,15.374697454694923,24121.614911313944,1673.684957752847,22199.336860052186,15983.367094319008,23492.162498469304,4878.365723759196,1.6027746213887635,1.5542067133847153,1.4652032326919182,8.200011377259012,12871.347006875036,655.6557890085344,11842.639469973874,8526.63227976654,12647.109450997066,2606.0759210310484,0.4079497731482521,0.3260372264508122,0.291204962129879,0.0747834635848353,74.9,15.4,84.9,61.1,84.9,21.5,1.0015583179700216,1.0031320004948416,1.0031320004948416,9.043050865534331,13428.0,1214.6,13013.5,9369.7,13763.5,2877.8,1.3450101069293352,1.388330913029766,1.3201141299261934,14.40330742735473,22799.2,1644.6,20750.2,14940.0,21827.8,4542.6,1.5049753860199082,1.4849384719274696,1.399871775509682,20.795239811781435,33896.0,2087.9,30086.9,21662.4,31765.8,6592.4,1.7471685963727646,1.6267816896001677,1.5222753776024625,48.51257019623948,81712.6,5993.6,73460.8,52891.4,84963.0,17908.0,9.893912076737694,9.766723329516848,9.626947717939172,2.227546877012799,1.9683647817316583,1.7017111167170154,1.630136361341775,1.6367767919814484,1.5324395221158562,1.560680563183111,1.5477692883116574,1.4641144173174179,1.590875007465984,1.5198455416634031,1.4385826091052565
Ruse,4.386716890104817,6301.073075933075,550.367027027027,6072.757207207207,4372.34981981982,6393.522522522522,1340.0909523809526,1.5589287301355523,1.534689015120731,1.4289568659594805,2.629396839782497,3398.8222510150495,267.3569749744511,3513.159933667848,2529.46136373232,3664.4575794694447,769.8007416132967,0.5707297290822602,0.4872122846159833,0.33064097387016594,0.0122295525208054,12.3,2.9,12.3,8.8,12.3,2.5,1.0001379190912447,1.0004260748860112,1.0004260748860112,2.313805703006711,3697.45,345.5,3298.75,2375.075,3564.45,746.75,1.2656787126527926,1.2937430551976474,1.2655958772549085,3.959256070484214,5831.200000000001,520.3,5580.7,4018.1000000000004,5839.75,1227.9499999999998,1.4213696598258634,1.4138237917410357,1.3507321976376148,6.032424195799093,8375.025,719.6750000000001,8188.125,5895.425,8583.75,1793.775,1.6536702500131626,1.6184051638205732,1.4919327832215927,17.7370249887647,20336.6,1677.6,23129.7,16653.3,23040.9,4855.6,9.34361762525325,9.952879497623666,8.182717549630398,1.9805102644745811,1.8141998402299226,1.5865464427278637,1.4760401176318836,1.475027286509537,1.396701248364053,1.3181767849724584,1.4103204744928879,1.349175863257382,1.1969220466673498,1.3044580269854822,1.2901202445924482
Seville,4.9930422141733946,7437.410608261199,725.9542903619357,6765.626015221054,4871.191337942253,7313.353523499681,1519.2928658572011,1.5632340025438436,1.5201406930035217,1.3813340600879487,2.5286170871651477,3772.9319496906455,298.21192557270354,3489.200917994987,2512.1985205187393,3687.3896934749646,775.7812742954824,0.5087724029963693,0.42469551154065227,0.30263483089618437,0.0283872825289462,31.1,7.5,31.1,22.4,31.1,7.4,1.0000203253424835,1.0000203253424835,1.0000203253424835,3.089897421506788,4724.8,511.9,4193.5,3019.3,4608.6,962.7,1.3044535897776268,1.31276173139505,1.2414061707695772,4.761848962502621,6919.2,710.6,6399.6,4607.7,6908.4,1426.9,1.4390057804963357,1.4171582494825266,1.3096638739666493,6.6782596826594895,9667.5,921.3,8908.4,6414.0,9605.0,1974.1,1.6480216520760878,1.581290278970664,1.41589873071961,14.805394316196404,33726.3,2204.4,23989.4,17272.2,25640.9,5863.7,9.678412886360652,9.52906475557031,8.444410133813737,2.0382979452960486,1.8463671799439982,1.5277519776943342,1.5089644907428432,1.4873470349723428,1.367389559967433,1.439397021238162,1.410880541046329,1.3274320991801765,1.4592298892957496,1.3883443879105415,1.326099618447649
Skopje,5.51798972396237,8202.506891551071,813.7386128625473,7257.637459016393,5225.442332912988,7609.406462799496,1585.395605296343,1.5485800174321,1.4249529273889483,1.3583934864995413,3.0136729162746696,5270.689795216494,397.4225473452344,3682.2727565406854,2651.208589480387,3908.771130847668,810.1741645195885,0.6587832178929921,0.2522967631304162,0.22403696569389958,0.0622531641837648,63.3,15.2,63.3,45.6,63.3,12.7,1.003869198106886,1.003869198106886,1.0004306847824032,3.208940521851339,4729.9,543.8,4418.6,3181.325,4628.8,964.4,1.228220773312076,1.2799843606119325,1.2199489633967646,5.188881522478056,7259.2,792.0,6998.95,5039.15,7286.7,1522.4,1.3622198509021979,1.3787425298091847,1.3186800299902837,7.394712242535982,10094.974999999999,1020.3,9723.25,7000.650000000001,10177.925,2117.3500000000004,1.6153178351218576,1.510368019484115,1.431147189006383,17.226026783221492,44151.4,3526.2,21192.9,15258.7,23713.5,4951.1,9.998198486188793,9.899310150343899,7.175935356051203,1.8711483438841865,1.6191585580347048,1.5156454176319047,1.528271954165349,1.4233051150984575,1.3637910202979988,1.410031281848001,1.3209474247945932,1.2549962272033273,1.5226570330142764,1.2896571251534703,1.2042621002114071
Stockholm,8.65905446509064,12645.51739717582,1261.1227049878166,10778.439517952029,7761.289871708305,11370.057100079262,2309.3616240495553,1.5487907531648313,1.3511819559091303,1.2721199935615457,4.803161027521146,6791.985134902695,1038.4516846199444,5711.912928560906,4112.186868747323,5990.6429093046845,1204.3508363683334,0.5202586000286882,0.2377186316457074,0.17948843344064572,0.0311187536309093,37.7,4.5,32.9,23.7,32.9,18.4,1.0014734279474748,1.0044084256296282,1.0044084256296282,4.934011279219787,7632.9,811.6500000000001,6365.1,4584.35,6745.45,1379.3,1.300971126660441,1.2246441673679151,1.178874385938642,8.083127820264881,11876.7,1164.2,10233.7,7370.2,10791.2,2193.6,1.4216068359453027,1.294153393574712,1.229189133015416,11.780246891069904,16870.2,1570.45,14622.849999999999,10528.25,15417.2,3124.45,1.6198234076387332,1.3923011663071787,1.3020393374705648,28.33934595392641,60935.8,18270.7,33314.6,23986.2,34998.6,9078.8,9.731507548596074,8.435488426249792,6.8987736976663045,2.1069644228686033,1.550134229719958,1.3919968272118932,1.6270493640324697,1.3894621055594096,1.3032755870521542,1.4630604369771814,1.3224002181497836,1.2550692059248725,1.3682020656664067,1.2656422885617602,1.205324117861651
Stuttgart,7.186541003366579,11809.145788944723,1343.9985366834171,8788.773945728644,6327.827557788944,9558.61056884422,1969.3645467336685,1.662052720144799,1.359851949146959,1.2415376161285845,3.5356596973071404,7242.157435008345,539.6517855909611,4194.342380460495,3019.884941196642,4514.231528119157,916.9392750450374,0.5119031871226776,0.1880631802358979,0.11354424478495544,0.0099952427278001,16.7,6.0,10.0,7.2,10.0,3.6,1.002959095054509,1.0004759536440941,1.0004759536440941,4.454952821322088,7042.450000000001,945.8,5560.15,4003.25,6093.15,1267.95,1.3491357080320554,1.2571554815990584,1.1862535077384246,6.917138260456768,10518.6,1334.2,8469.2,6097.7,9228.0,1907.0,1.5063844102190822,1.3274981151601044,1.222410433738289,9.661546361536754,14489.5,1739.95,11727.75,8443.85,12733.45,2611.3,1.7944626962872676,1.4175528145683067,1.2706718509480934,18.58673237719713,49579.6,3459.9,23108.4,16637.9,25075.0,5329.8,9.879265500186388,8.271184351265818,7.221961379440301,2.1289187765737343,1.5936974216336723,1.3922991575126413,1.6226709379863131,1.372689923091332,1.2485420399732712,1.5975031517617455,1.3141436922203324,1.2126284348231313,1.7840096187182808,1.2895910132028676,1.201272815319895
Torino,5.392649944067884,7442.069067997076,752.5663541353063,6754.905681476065,4863.469330351383,7237.412352156896,1487.6585480194403,1.4236708839600418,1.3754272430041097,1.2769153026440976,2.7590288647603347,4038.577365543171,336.23391045225424,3361.057995225947,2419.933522153122,3611.967318202043,742.3284387747123,0.3588681097439181,0.2599021058872121,0.20520560291378653,0.0183001696431801,40.6,6.1,40.6,29.2,40.6,8.5,1.0000432715793361,1.0005261783854713,1.0005261783854713,3.2730973896413933,4634.1,495.4,4197.6,3022.25,4482.65,921.8,1.251293893514303,1.2470879038559406,1.1757701019823732,5.10872123441459,6937.2,721.8,6433.9,4632.4,6846.8,1404.5,1.3403399849789828,1.3261370692444567,1.2377912956388348,7.23417784546948,9661.5,981.0,9017.05,6492.25,9630.85,1978.1,1.4783453623394935,1.432305034447444,1.3215077953692562,15.338383591677848,38797.7,2059.1,19168.2,13801.0,22218.1,4686.8,9.80164446111028,9.474380721166359,7.209414807403841,1.7701498082899132,1.5944655090175186,1.4122576401002052,1.3893122969113791,1.3598641117836192,1.2707976168788273,1.338804271270234,1.3156885064225874,1.2280322933708498,1.623326792021079,1.2924607382911775,1.193495479471479
Trieste,4.755361134758244,7728.52205882353,696.4615957869635,6508.115411367249,4685.783773847377,7265.761436804451,1538.4360592209855,1.7705426509347788,1.6606962238781426,1.432045419737291,3.052521882730056,4677.611548374897,356.87702647399465,3735.58935052193,2689.59907283607,3989.9747550508278,831.8553532898537,0.7904074048399982,0.6101517163134553,0.26662502344314637,0.0761779644722873,76.2,6.1,76.2,54.8,76.2,15.2,1.0002892638030612,1.0002892638030612,1.0002892638030612,2.566236380008686,4327.625,440.7,3770.875,2714.975,4287.55,908.475,1.328408657399179,1.3648980491172815,1.2700195547325952,4.139005966874167,6830.95,649.0,5942.4,4278.45,6686.8,1435.45,1.5493596692199259,1.5327905915044058,1.376528483189281,6.169415939152836,10137.875,894.7,8515.35,6130.95,9575.275000000001,2044.325,1.9146231685492983,1.7649029690365128,1.5183792419811595,18.072886977629363,42868.1,3037.4,22988.9,16551.9,26844.2,5495.1,9.951864251282498,9.952786897648272,6.248304997774004,2.222596142969393,2.0507332666141687,1.5896238643657088,1.7330926266329294,1.6311176217602337,1.4274694627842797,1.431760179057,1.3522443734669911,1.2725393546020105,1.3042967814273776,1.2469886892272735,1.2109859526871414
Turku,8.61633115841737,12518.722171189978,1093.0301826722337,11378.701884133612,8202.031403966597,11654.814770354906,2378.374331941545,1.548579371656097,1.4155031957781394,1.356216893636306,6.600676417278843,8772.261651836792,638.0638372693503,8455.002695740648,6090.377296390825,8332.823691428708,1687.0275036531536,0.49600090763134463,0.37861751252502357,0.3573411809560545,0.070352914045166,70.4,4.6,70.4,50.7,70.4,14.1,1.0006692822248098,1.0006692822248098,1.0006692822248098,3.9970120370124835,5926.950000000001,648.1,5201.3,3750.9,5547.45,1143.625,1.281206634744673,1.228792249078678,1.1964334358952582,6.769878620338844,10075.2,989.95,8915.9,6426.75,9376.05,1915.3,1.4076002808910086,1.3092039099304933,1.2549279097481396,11.089098143945609,16958.775,1425.025,15378.4,11080.95,15695.5,3202.725,1.6311957360645446,1.4420780920854512,1.3559482782571688,42.78643547890668,56132.5,11641.7,58549.7,42155.5,56013.9,11412.1,8.976500146693272,8.600865272819751,7.960563425894678,1.9565065677417377,1.5865890664718787,1.4551336466088522,1.5753324161521747,1.4453962283931001,1.3646351477740635,1.529520058642532,1.4268728251518055,1.392187980050408,1.3600501704807586,1.2753734928612868,1.2708784739018888
Valencia,5.53409820174091,7856.505637508972,685.7919703372938,7060.665098476996,5083.615859979268,7373.737947532094,1539.1926720357228,1.5676678774371975,1.410808952470564,1.3107867204843453,4.567887602746501,5585.711605556828,345.491783735159,5578.8326913402,4016.7355694537696,5585.696039852273,1185.042282259561,0.5954053131578204,0.32407212637940486,0.2396287115044243,0.0284867458633018,100.1,24.0,36.7,26.4,36.7,13.2,1.000107334298312,1.005693546532712,1.014964155635579,2.68630645197243,4128.9,448.7,3470.4,2498.7,3817.3,795.7,1.2820520253090373,1.2601032862240462,1.2043905194916844,4.307775470074095,6271.8,630.9,5508.9,3966.3,5863.2,1208.2,1.418033869293894,1.3435013285228863,1.2616738651281054,6.384274179154498,9486.8,845.1,8351.2,6012.8,8658.6,1782.5,1.6400894674208857,1.4604206930242722,1.3462783843048076,27.13843941697777,36641.2,2340.2,31955.2,23007.6,31969.7,6774.8,9.83694374025866,8.055814406114568,7.242382843468512,2.0484814047718816,1.6878376287552168,1.4317350288974118,1.5298871100010063,1.3845517741713094,1.2990293861778495,1.4145888694976823,1.3022495608652875,1.282758501180207,1.202776345704257,1.2463253778046055,1.2277431133376588
Vienna,9.121957504866446,12738.816033888432,1435.3765694033111,11229.026664077295,8084.78828955673,12299.677494295285,2531.6937539447495,1.4481270228011773,1.370414442287024,1.2468459061939385,4.554461235223327,6363.708880594464,643.0122279209502,5480.156558315834,3945.658481145674,6017.614350850975,1226.8536251704331,0.39957430337070904,0.17969253423719517,0.12090955662969559,0.1094995468224426,193.0,25.2,132.2,95.1,166.0,42.7,1.000914340925911,1.002392582055321,1.0084037755272726,5.62300038085375,8038.725,962.725,7055.025,5079.6,7724.9,1601.8,1.2608091937053187,1.2744127685451483,1.1829927543938825,8.714053396316858,12067.35,1385.1,10763.599999999999,7749.65,11783.15,2427.1,1.3549384948377245,1.3402164474694755,1.2258199377597907,12.194079960501266,16636.65,1844.475,14910.525000000001,10735.4,16343.0,3350.575,1.4971837503458776,1.4225415913094945,1.2810796812939502,28.73228127130313,61870.1,5366.7,34859.9,25098.9,40285.0,11046.4,9.816088631008874,8.200940843689926,4.928028606233587,2.044022776900634,1.6068205931832789,1.3970435396633578,1.5021637304535902,1.3934041181849068,1.2660531104487547,1.3831099881599427,1.3468737324278137,1.229641595000173,1.3565390109838484,1.3291382839617303,1.2160393357145165
Warsaw,10.513735265133542,15154.32369122783,1385.7171004868646,12611.728208921846,9082.203549125192,13765.671386790993,2894.779517263922,1.465855102611299,1.3449974650060172,1.2230134617797805,5.338159412187224,8490.015526433144,578.6243594480163,6110.271131575868,4399.874949705049,6572.431253097484,1355.5819330013508,0.37213661146180094,0.18531042389987912,0.13194290502979858,0.0447917675058269,58.2,9.9,64.6,46.5,64.6,12.9,1.00035553352758,1.00035553352758,1.00035553352758,6.425963797512203,9025.8,960.4,7944.3,5721.05,8784.15,1868.75,1.2472055489740206,1.2450250991071456,1.1522747092753645,10.01379206290098,13691.5,1350.4,12136.2,8740.1,13265.6,2797.5,1.3587558581874368,1.3098055427372868,1.198187889441433,14.088977290716779,19366.65,1770.6,16754.6,12067.2,18207.7,3819.4,1.5747887742504694,1.3973943183239979,1.2589314477540614,30.51062585409309,51683.2,3763.2,34744.7,25015.9,38119.3,7984.0,9.83691520692479,7.086238615038317,5.239790581027897,1.9802321805873677,1.627982681041127,1.3996950113509383,1.5014522282215195,1.408461450062453,1.2646773651136514,1.3952339713195296,1.3281988836939482,1.2128636384154399,1.445184792616985,1.278423820764845,1.179391520296177
Zurich,4.5335985367135505,6755.215239910501,830.3707383773929,5433.003057926577,3911.6826303140797,6003.707358912738,1247.9623021463494,1.5676593571358344,1.3621994085187947,1.2202282271612548,2.234366225507381,3505.4404983403792,350.24090099548295,2576.472566247831,1855.0241441846445,2812.4257888303982,576.5577660032341,0.5946172408216119,0.22966541599988435,0.148334452547005,0.0263668920973506,70.5,26.4,34.6,24.9,73.9,19.3,1.001998979410273,1.0146948124215274,1.0052239022799412,2.826926459256368,4319.05,575.3,3474.4,2501.5,3875.6,813.1,1.2778511783582274,1.2398510503484037,1.1455354341739574,4.362019906469478,6394.2,815.5,5268.8,3793.5,5842.8,1212.1,1.410785325243488,1.31263489736343,1.190176958615374,6.037700834840586,8665.65,1065.4,7223.65,5200.9,7941.5,1643.8,1.6328796589161971,1.4143052363566797,1.2537159167791718,12.168724690911391,32234.3,3448.3,14261.3,10268.0,16160.1,3389.1,9.790644549724519,7.090085272153294,7.050871598034337,1.9794979114791222,1.5508856848610344,1.3230188017537865,1.511255099870265,1.3391272459243428,1.2084186739851261,1.4230045256306703,1.2664494241090847,1.1599612400553316,1.255858800997775,1.1862952253971013,1.1361502828908625
